INSERT INTO categories VALUES (1,'Falesia'),(2,'Multipitch'),(3,'Bouldering'),(4,'Trekking'),(5,'Skialp'),(6,'Ferrate')
INSERT INTO regions VALUES (1,'Lombardia'),(2,'Piemonte'),(3,'Trentino Alto Adige'),(4,'Valle Aosta'),(5,'Toscana'),(6,'Liguria'),(7,'Umbria'),(8,'Lazio'),(9,'Marche'),(10,'Abruzzo'),(11,'Svizzera'),(12,'Puglia'),(13,'Sardegna'),(14,'Campania'),(15,'Sicilia'),(16,'Veneto')
INSERT INTO roles VALUES (1,'ADMIN')
INSERT INTO users VALUES (1,'{noop}123456','Ale'),(2,'{noop}123456','Ric')
INSERT INTO role_user VALUES (1,1),(1,2)
INSERT INTO books (data_pubblicazione,id,pagine,prezzo,region_id,isbn,autore,immagine,sottotitolo,titolo,descrizione) VALUES ('2024-01-01',1,300,39.00,5,'1234567891234','Raffaele Giannetti','/img/covers/ToscanaElba_falesie_2025_ita_MvJwvqU.jpg.1080x1440_q85.jpg','116 falesie dalle Alpi Apuane all’Argentario','Toscana e Isola Elba','Questa nuova edizione amplia ulteriormente il ricco panorama dell’arrampicata in Toscana con l’introduzione di 50 nuovi settori, che spaziano da nord a sud della regione. Dai suggestivi paesaggi del Camaiorese e di Sant’Anna di Stazzema sulle Apuane, alla magica atmosfera della Garfagnana, fino all’incantevole Isola d’Elba e oltre, ogni luogo regala panorami mozzafiato, torri rocciose con vie adatte a tutti i livelli di abilità, patrimoni storici e percorsi gastronomici unici. Inoltre, non possiamo dimenticare l’Argentario, un vero paradiso dove l’arrampicata si fonde armoniosamente con il mare. Le nuove falesie nel massese, lo sviluppo significativo dell’Amiata e le recenti scoperte nelle zone meridionali della Toscana, arricchiscono maggiormente questa edizione. Una ricca documentazione fotografica accompagna la guida, trasformandola in uno strumento indispensabile non solo per gli appassionati di arrampicata, ma anche per chi desidera esplorare e scoprire la Toscana in tutta la sua magnificenza, unendo avventura e turismo in un’esperienza unica e indimenticabile. Raffaele Giannetti, nato nel 1985 a Carrara (MS) vicino alle Apuane, è cresciuto tra le montagne che lo hanno spinto verso l’arrampicata sportiva. È il presidente dell’associazione Versante Apuano, impegnata nella chiodatura e manutenzione delle falesie e nella promozione dell’arrampicata in Toscana, e della salvaguardia del territorio. Nel 2017 ha aperto The Wall, una sala boulder tra le Apuane e il Muzzerone, uno spazio innovativo che non è solo un luogo per praticare l’arrampicata, ma è diventato un punto di incontro per la comunità degli arrampicatori. Attualmente la struttura è in stand-by in attesa di una nuova sede, con l’auspicio di riaprire presto.')
INSERT INTO books (data_pubblicazione,id,pagine,prezzo,region_id,isbn,autore,immagine,sottotitolo,titolo,descrizione) VALUES ('2024-01-01',2,300,39.00,2,'1234567891234','Enrico Serino','/img/covers/Cop_OssolaRock_Falesie_2025_ITA_150rgb.jpg.1080x1440_q85.jpg','dal Lago Maggiore al Monte Rosa, dal Sempione alle valli Devero, Formazza e Vigezzo','Ossola Rock Falesie','Quinta edizione della guida Ossola Rock, questa volta suddivisa in due volumi distinti per le vie brevi e lunghe. La presente guida per le falesie fa fronte al notevole incremento nel numero dei siti del Verbano-Cusio-Ossola.Fra le decine di novità, falesie come la Torraccia, il Castello al Passet e la Cascata, importanti estensioni di falesie classiche come Ponte Romano e nuove aree per il trad come Ossolandia, alternativa alle ormai note Yosesigo e Cadarese.Non mancano i classici di Macugnaga, Sempione, Croveo, Formazza e Vigezzo e… a volte ritornano vecchi settori caduti nell’oblio, ora rimaneggiati. Il tutto riscritto ex novo, corredato di nuove foto e riordinato per garantire una comoda fruibilità.Entrambe le guide comprendono anche una versione tedesca, visto che questa regione ricca in materia prima rocciosa è divenuta ormai da anni un universo d’arrampicata apprezzato a livello internazionale. Enrico Serino scopre alpinismo e free climbing a metà anni Ottanta e ne fa uno stile di vita.Da giovanissimo parte con tecniche da autodidatta e comincia a percorrere pareti e cime delle Alpi. A 16 anni frequenta un corso del CAI, da metà anni ’90 è istruttore nazionale di arrampicata libera.Al suo attivo ha centinaia di salite su 4000 e su cascate di ghiaccio, ma sono forse le vie lunghe su roccia il terreno prediletto. Da Novara si trasferisce per studio e lavoro a Edolo, poi in Valsesia, a Simplon Dorf dove fa per sette anni il casaro, quindi in Valle Vigezzo per avere le montagne ossolane sempre sotto mano. Numerose sono le sue salite esplorative o “essenziali” compiute senza lasciar traccia evidente, spesso in libera solitaria. Ultimamente si dedica di più alle difficoltà delle falesie e a qualche apertura qua e là.Nella sua attività di scrittore ha pubblicato diverse opere sulla montagna dal taglio alternativo fra cui romanzi, novelle, una guida trasversale sul Sempione e una specifica sulle fessure ossolane.')
INSERT INTO books (data_pubblicazione,id,pagine,prezzo,region_id,isbn,autore,immagine,sottotitolo,titolo,descrizione) VALUES ('2024-01-01',3,300,39.00,11,'1234567891234','Egon Bernasconi','/img/covers/Ticino_Rock_Falesie_2024-ITA.jpg.1080x1440_q85.jpg','Locarnese, Valle Maggia, Bellinzona, Moesano, Riviera e Val di Blenio, Sottoceneri, Leventina','Ticino Rock Falesie','Questa nuova edizione di Ticino Rock Falesie è stata interamente rivista, corretta e ampliata. Presenta 69 siti d’arrampicata alcuni dei quali mai pubblicati sinora, per un totale di 3450 vie. Dettagliate mappe d’accesso, foto aeree, disegni a colori e numerose fotografie d’azione sapranno guidarvi alla scoperta delle bellezze verticali ticinesi. A completare l’opera diverse interviste e contributi di alcuni dei protagonisti della scena internazionale e locale. Egon Bernasconi, nato a Locarno nel 1979 è matematico di formazione e insegna al Liceo di Bellinzona, il resto del tempo lo dedica all’arrampicata e alla valorizzazione del mondo verticale ticinese. Nel 2008 fonda assieme ad alcuni amici l’associazione Picalciot, un manipolo di fanatici arrampicatori che ha come scopo la promozione dell’arrampicata prevalentemente in Vallemaggia ad oggi sicuramente il gruppo più attivo nella chiodatura di vie d’arrampicata del Ticino. Egon ha aperto oltre 500 nuovi monotiri di corda e svariate vie lunghe sparpagliate un po’ su tutto il territorio ticinese tuttavia il suo terreno da gioco preferito è la Vallemaggia, luogo nel quale vive.')
INSERT INTO books (data_pubblicazione,id,pagine,prezzo,region_id,isbn,autore,immagine,sottotitolo,titolo,descrizione) VALUES ('2024-01-01',4,300,39.00,5,'1234567891234','Raffaele Giannetti','/img/covers/Cop_ToscanaPareti_ITA.jpg.1080x1440_q85.jpg','221 vie classiche e moderne tra le Apuane e l’Argentario','Toscana Pareti','Nello stereotipo collettivo Toscana è città d’arte, colline del Chianti, mare, isole e il suo arcipelago. Le Alpi Apuane sono le cave di marmo. Per chi scala la Toscana e le Apuane sono un’isola di splendida roccia calcarea non solo con le immense falesie del camaiorese, ma anche con le selvagge valli che schiudono alla vista le grandi pareti, sulle quali è tracciata la storia dell’alpinismo di questa regione. Una storia che continua a vivere e rinnovarsi con nuovi percorsi in stile moderno, a spit, che si alternano alle grandi classiche. Alcune vie immerse nella natura incontaminata, altre incastonate tra la devastazione delle cave di marmo bianco. Alcuni di questi itinerari portano nomi importanti e prendono parte, nel loro piccolo, alla decennale lotta per salvare questo paradiso dallo scempio dell’industria estrattiva. Dai 1000 metri della nord del Pizzo d’Uccello, alle più moderne vie sul Procinto, fino ai gradi elevati dell’imponente parete del Nona. In questo viaggio tra montagna e mare, arriveremo fino a visitare le pareti a picco sul blu dell’Argentario per un’esplorazione da nord a sud dell’arrampicata Toscana. Raffaele Giannetti, nasce nel 1985 a Carrara (MS) a ridosso delle Apuane, montagne frequentate fin da bambino, che lo spingono ad avvicinarsi all’arrampicata sportiva. Presidente dell’associazione The Wall, una sala boulder a metà tra le Apuane e il Muzzerone.')
INSERT INTO books (data_pubblicazione,id,pagine,prezzo,region_id,isbn,autore,immagine,sottotitolo,titolo,descrizione) VALUES ('2024-01-01',5,300,39.00,2,'1234567891234','Stefano e Matteo Dalla Gasperina','/img/covers/Cop_ValleOrco2024_-_Ita_eP1K7zH.jpg.1080x1440_q85.jpg','Monotiri e multipitch dal trad all’arrampicata sportiva Valle dell’Orco & Val Soana','Valle dell Orco','Questa guida è il riassunto di tante giornate passate su e giù per le valli, di tanti anni di arrampicate e l’occasione di ritrovare vecchi amici e di conoscerne di nuovi. Ma soprattutto è stata l’occasione per gli autori di cimentarsi in qualcosa di nuovo, fatto per promuovere e valorizzare il posto in cui vivono.La guida descrive dalle falesie di bassa valle alle famose pareti del Caporal e del Sergent, includendo dopo tanti anni di distanza dall’ultima pubblicazione, la Valle Soana, con il Vallone di Forze e la valle laterale di Piantonetto, fino al limite del lago di Teleccio.Oltre alle numerose multipitch, tante falesie anche in stile trad, itinerari che fino a 10 anni fa costituivano un curiosità per pochi, ma che adesso attirano numerosi arrampicatori da tutta Europa. Stefano Dalla Gasperina, classe ’65, ha iniziato ad andare in montagna nelle vallate del Gran Paradiso, in particolare in quelle del versante piemontese. Tante montagne, tanti amici, la voglia di lavorare a contatto con la Natura e condividere la sua bellezza con le altre persone, lo hanno portato a diventare guida alpina, professione che svolge nella sua espressione più classica, salire le montagne, cercando di trasmettere passione e conoscenza. È cresciuto in Valle Orco, dove ha iniziato a conoscere la montagna, dove ha iniziato a sciare e scalare, ed è ovvio che sia un luogo importante per questo motivo, quando si è presentata l’occasione, non ha esitato a mettersi in gioco, affrontando un lavoro delicato e impegnativo. Matteo Dalla Gasperina, classe 1999, ultimissimo dei “Millenial”, è nato e cresciuto in questa magnifica valle, dove molto probabilmente, ogni appassionato di fessure vorrebbe vivere. Deve la passione per l’arrampicata, o meglio per la Montagna in ogni sua sfumatura, a chi mi ha trasmesso questo amore, in generale un po’ a tutta la sua famiglia che tra le Alpi ha sempre vissuto, ma soprattutto a suo padre Luca e sicuramente a Stefano lo “Zio guida”. Ha iniziato ad arrampicare giovanissimo col padre, poi negli anni la passione per l’alpinismo è cresciuta sempre più, dai primi esperimenti sulle pareti vicine a casa con l’amico di sempre Riccardo, alle varie ripetizioni delle vie più belle della valle e delle Alpi. Da qualche anno si occupa dell’azienda di famiglia, operante nel settore dei disgaggi e consolidamenti.')
INSERT INTO books (data_pubblicazione,id,pagine,prezzo,region_id,isbn,autore,immagine,sottotitolo,titolo,descrizione) VALUES ('2024-01-01',6,300,39.00,1,'1234567891234','Maurizio Panseri e Matteo Bertolotti','/img/covers/Cop_Presolana.jpg.1080x1440_q85.jpg','Arrampicate classiche e moderne sulla Regina delle Orobie','Presolana','Alle spalle di Bergamo la Valle Brembana, la Valle Seriana e la lontana Val di Scalve incidono profondamente i rilievi prealpini che si innalzano dalla pianura sino ad esaurirsi contro la catena delle Orobie. Montagne e valli raccolte nell’ampio abbraccio costituito dallo specchio lacustre lariano e dai profondi solchi della Valtellina e della ValleCamonica.Le Prealpi Bergamasche e le Alpi Orobiche si offrono senza veli, nelle terse giornate d’inverno o dopo i temporali estivi, a chi percorre l’autostrada tra Brescia e Milano, magari diretti verso mete alpinistiche più lontane.Tra queste valli vi è custodito un patrimonio ambientale vario e di inaspettata bellezza, tra cui spiccano cime e pareti sulle cui rocce sono state scritte interessanti pagine di storia dell’alpinismo. Indiscussa regina dell’intera catena è la Presolana, non una semplice montagna, ma un massiccio articolato e complesso, una lunga bastionata che si erge tra la Valle Seriana e la Val di Scalve, il cui profilo, scandito dall’avvicendarsi delle sue cinque cime, è ben riconoscibile da ogni prospettiva la si osservi. Alle sue pareti di calcare lunare, alle sue oltre 250 vie e alla sua ricca storia alpinisticadedichiamo una vera e propria monografia, in cui troverete non solo le relazioni tecniche, corredate dai tracciati e da disegni chiari e precisi, ma anche i racconti dei primi salitori e dei ripetitori nonché la riproduzione di preziosi materiali storici d’archivio, il tutto arricchito da numerose fotografie a completare il racconto della Regina delle Orobie. Maurizio Panseri nasce a Bergamo nel 1964, vive a Olera, un piccolo borgo storico immerso nei boschi di Alzano Lombardo. Sin dall’adolescenza, si appassiona alla montagna ed esplora l’intero arco alpino. Le Orobie e le Prealpi Bergamasche restano le “sue” montagne, quelle dietro casa, a cui si sente intimamente legato e che ancora oggi sono in grado di stupirlo. Da sempre documenta e racconta i suoi attimi di vita tra i monti. Ha collaborato e collabora con numerose riviste di settore. Con Versante Sud ha già pubblicato Valli Bergamasche - Falesie e vie moderne (2016), MTB da Bergamo ai laghi di Endine e Iseo (2018), Scialpinismo sulle Orobie (2021). Matteo Bertolotti nato a Osio Sotto (Bergamo) nel 1980, si occupa di distribuzione cinematografia d’essai. Nel 2003 fonda con alcuni amici il sito web sassbaloss.com con lo scopo di pubblicare le relazioni degli itinerari ripetuti. A oggi ha salito circa 1400 itinerari di roccia e alta montagna, dalle Dolomiti al Monte Bianco e dalle grandi salite classiche ad altre molto ricercate. Non disprezza l’arrampicata artificiale e spesso ama trascorrere le giornate appeso alle staffe. Appassionato di vecchi libri di montagna, è istruttore nazionale di alpinismo presso la Scuola Valle Seriana e dal 2013 socio GISM (Gruppo Italiano Scrittori di Montagna). Con Versante Sud ha già pubblicato Pietra di Bismantova - Vie e falesie sulla perla dell’Appennino emiliano (2021) e Ghiaccio delle Orobie (2023)')
INSERT INTO books (data_pubblicazione,id,pagine,prezzo,region_id,isbn,autore,immagine,sottotitolo,titolo,descrizione) VALUES ('2024-01-01',7,300,39.00,12,'1234567891234','Graziano Montel','/img/covers/Cop_PugliaRock.jpg.1080x1440_q85.jpg','Falesie e DWS Roccia e mare dal Gargano al Salento','Puglia Rock','Per un territorio come quello pugliese, non certo famoso per le sue montagne, i dieci anni che ci separano dall’ultima edizione possono sembrare un periodo breve, con poche novità significative. Non è cosi, e si capisce subito dalla scelta di dedicare questa edizione totalmente all’arrampicata in Puglia, riducendo la vastità territoriale delle precedenti guide A Sud (Versante Sud, 2006).Se vi chiedete dove sono le novità, le principali dovrete cercarle in mare! La Puglia in questi ultimi anni è diventata una meta turistica importante anche per il Deep Water Solo lungo le sue splendide scogliere. Ma anche nelle più classiche falesie l’arrampicata sportiva sta seguendo il trend di tutto il resto d’Italia e anche qui, dove alle poche montagne presenti si sostituiscono i numerosi canyon che chiamiamo gravine, vi è stato un pullulare di nuovi itinerari.Alcuni progetti si sono trasformati in vie, molti settori hanno assunto dimensioni significative, al punto da poterci scalare per più giornate provando sempre itinerari diversi. Nuovi spot sono stati scoperti e alcuni sono ancora da valorizzare. Infine alcune falesie i cui ancoraggi risultavano deteriorati, in particolare quelle sul Gargano, sono state riattrezzate e rinnovate con ulteriori itinerari. Con il contributo del progetto Books For Bolts, quello di Rocciaeresina e delle società Fasi Pulgiesi, da San Giovanni Rotondo fino a Santa Maria di Leuca, il parco giochi è cresciuto in quantità e qualità dell’offerta.Troverete in Puglia un piccolo paradiso di roccia dove vi potrete divertire, sempre con un’attenzione particolare alla sicurezza, al rispetto della natura e di chi vive e lavora sul territorio. Graziano Montel, classe ’71, ha smosso tonnellate di roccia pugliese, creando e poi consolidando una realtà tutt’oggi in continuo sviluppo. Istruttore e Tracciatore Federale (FASI), dopo trent’anni di attività continua a essere il punto di riferimento nel territorio, attrezzando falesie sempre nuove, ristrutturandone di vecchie, scoprendo massi e dedicandosi alla tracciatura e all’insegnamento indoor. Che si tratti di roccia, resina o Roccia&resina la sua passione per il verticale è inestinguibile e a tutto tondo, aperta al cambiamento veloce che la nostra disciplina sta vedendo negli ultimi anni. Se in una falesia pugliese doveste sentire il suono di un trapano, state pur certi che Graziano è lì e che qualcosa di ancora nuovo sta nascendo!')
INSERT INTO books (data_pubblicazione,id,pagine,prezzo,region_id,isbn,autore,immagine,sottotitolo,titolo,descrizione) VALUES ('2025-01-01',8,300,39.00,13,'1234567891234','Richard Felderer','/img/covers/Cop_Sardegna_Ita_afkjWdo.jpg.1080x1440_q85.jpg','Baronia, Oliena, Gonone, Baunei, Jerzu, Ulassai e Quirra','Sardegna Est Falesie','La porzione orientale della Sardegna è da anni nota per la quantità e la qualità della roccia. Ma soprattutto negli ultimi dieci anni si è assistito a una crescita impressionante del numero di falesie, soprattutto in Ogliastra.Contestualmente la richiodatura e la rinnovata attenzione ai settori “classici” a opera di diversi autori sta contribuendo a rendere l’isola una delle mete più ambite e interessanti del bacino del Mediterraneo in termini di arrampicata sportiva, ma anche bellezza dei luoghi e della roccia. Richard Felderer, nato a Monza nel 1970, da che possa ricordare tutti l hanno sempre chiamato Riky. Nel 1987 scopre l’arrampicata grazie alla palestra di Monza del Rondò dei Pini, dove un esuberante Eugenio Podio aveva appiccicato delle prese al muro, creando una delle prime sale indoor d’Italia. Poco dopo con un amico compra l’attrezzatura e comincia a scoprire il mondo verticale, passione che cambia radicalmente la sua esistenza. Infatti la sua attività di fotografo e giornalista si sviluppa quasi immediatamente nel ramo degli sport outdoor e negli ultimi vent’anni principalmente a quelli verticali. Lavoro e passione gli permettono di vivere intensamente la montagna e, oltre a qualche premio e onorificenza, entra a far parte dei Ragni di Lecco. Ha collaborato e tutt’ora lavora con le più importanti riviste e aziende del settore, oltre che con Versante Sud da ormai oltre vent’anni. Nel 2016 con la sua dolce metà abbandona Milano e si trasferisce in Sardegna, a Lotzorai dove gestisce un bed and breakfast. A parte scalare regolarmente con gli amici del posto e fare foto, si dedica alla chiodatura di falesie e vie lunghe.')
INSERT INTO books (data_pubblicazione,id,pagine,prezzo,region_id,isbn,autore,immagine,sottotitolo,titolo,descrizione) VALUES ('2025-01-01',9,300,39.00,14,'1234567891234','Oreste Bottiglieri','/img/covers/Cop_Malopasso2023_ITA-90.jpg.1080x1440_q85.jpg','Arrampicate e vie ferrate in Campania e dintorni Costa d’Amalfi, Positano, Parco Nazionale del Cilento, Palinuro, Maratea','Malopasso','Il libro descrive quasi 60 siti d’arrampicata tra la Costa d’Amalfi, Positano, Palinuro, il Parco del Cilento e Maratea.Oltre alle relazioni aggiornate delle falesie e degli itinerari storici, questa quarta edizione di Malopasso si arricchisce di una sezione dedicata alle vie ferrate presenti nella regione e sull’Appennino Lucano. Sulla Costa d’Amalfi si scala spesso in luoghi poco conosciuti, tra scenari insoliti, caratterizzati da abitazioni rupestri, chiese, monasteri, dove i colori della montagna si fondono col blu del mare. Durante i mesi invernali, i villaggi sul mare assumono un fascino particolare e l’arrampicata diventa un veicolo naturale di conoscenza dei luoghi, della gente, del passato e della storia. Lasciati i dedali di stradine, la natura e le scogliere della Costiera Amalfitana, il paesaggio cambia radicalmente via via che ci si avvicina alla zona del Parco del Cilento, Vallo di Diano e Alburni.Le pareti del Cilento hanno un valore aggiunto. La pietra dove si scala si mescola ai profumi mediterranei, alla storia e alle tradizioni popolari ed è dall’alto di queste pareti che si percepisce meglio la capacità, che possiedono questi luoghi, di far emozionare. Oreste Bottiglieri, nato a Cava de’ Tirreni (SA) nel 1972, vive in Costa d’Amalfi. È Guida Alpina UIAGM, istruttore d’arrampicata, chiodatore, operatore e preposto per i la- vori su funi, con specializzazione professionale per l’allestimento di siti d’arrampicata e vie ferrate. “Scalo sin da bambino e mi piace intendere l’arrampicata e le discipline outdoor come uno stile di vita, una scusa per viaggiare e conoscere in maniera profonda altri luoghi: dai villaggi della Costiera Amalfitana alle cime di 4000 metri delle Alpi. La passione per la montagna, per la mia terra e il lavoro di guida mi hanno portato negli anni a scoprire e valorizzare la maggior parte dei siti di scalata campani e ad aprire oltre 1000 vie d’arrampicata tra monotiri, multipitch e vie classiche. Lavoro e vivo con entusiasmo, sempre più consapevole che faccio il mestiere più bello del mondo nei posti più belli del mondo!”')
INSERT INTO books (data_pubblicazione,id,pagine,prezzo,region_id,isbn,autore,immagine,sottotitolo,titolo,descrizione) VALUES ('2025-01-01',10,300,39.00,10,'1234567891234','L. Marziale, L. Angelozzi, A. Puca,M. Cittadini','/img/covers/Cop_ABRUZZORock-2.jpg.1080x1440_q85.jpg','Ai piedi del Gran Sasso falesie di Chieti, L’Aquila, Pescara, Teramo','Abruzzo Rock','Si scrive Abruzzo ma raccoglie tanti significati: da qui nasce l’idea che ha dato vita a questa guida. In tutti questi anni di lavoro sulle pareti l’impegno dei chiodatori ha dato vita a tanti nuovi settori in questa bellissima regione, ma mancava qualcosa che raccontasse di tutto questo e così gli autori hanno messo a punto una nuova edizione che fosse il manifesto del grande lavoro fatto. Da un’idea poi nascono tante nuove occasioni che si riassumono nella squadra che ha collaborato a questa realizzazione, cinque ragazzi che in comune hanno la passione per l’arrampicata. La differenza poi l’hanno fatta tutte le persone che si sono adoperate negli anni a chiodare e si sono rese disponibili a dare loro una mano.Un duro lavoro durato quasi due anni, dove è stato veramente difficile cercare di essere il più rigorosi possibili nel mettere insieme tutte le informazioni raccolte, appagato però dal bellissimo risultato ottenuto e che speriamo sia condiviso da questa grande comunità che è quella dei climber. Luca Marziale, nato a Teramo nel 1984, si appassiona all’arrampicata all’età di 28 anni e da lì percorre la strada che lo porta, prima a diventare istruttore FASI e poi istruttore di arrampicata libera all’interno del CAI. Con il suo gruppo di amici, ha chiodato diverse linee nell’area vestina, luogo in cui vive, tra cui la Parete del Codirosso, sita in Valle D’Angri e altre nuove vie nelle zone limitrofe. È promotore anche di diverse edizioni di Street boulder nei comuni di Loreto Aprutino e Penne. Lorenzo Angelozzi, nato ad Atri nel 1991, tuttofare dell’arrampicata dal 2001, tracciatore nazionale FASI dal 2013, è gestore della palestra Mondi Verticali di Teramo, in collaborazione con la guida alpina Vassili Bosi. È inoltre promotore di diversi eventi locali e nazionali e attivo chiodatore locale. Andrea Puca, classe 1993, nasce a Pescara e cresce tra le montagne di casa. Innamorato dei boschi, delle valli e delle pareti dell’appennino, attivo già da ragazzino nella chiodatura di nuovi itinerari, dai 18 anni si dedica all’apertura e valorizzazione dei nuovi settori in Valle d’Angri, come la Parete dell’Orso, la Grotta dei Tori e in seguito la parete del Codirosso. Assiduo pellegrino delle rocce del Gran Sasso, d’estate con le mani e con i piedi e d’inverno con sci e piccozze. Matteo Cittadini, nato a Pescara nel 1990, inizia l’attività di arrampicatore all’età di 10 anni nella palestra del padre con i colori dell’Asd El Cap dell’Aquila, di cui è attualmente presidente. A 14 anni entra nel mondo delle competizioni vincendo nel 2008 prima il titolo di campione regionale e poi la Coppa Italia Boulder U20 e l’anno successivo il campionato italiano di combinata oggi è tracciatore di terzo livello. Dal 2010 è tecnico di elisoccorso del Soccorso Alpino e Speleologico Abruzzo. Dal 2017 è Maestro di sci alpino e allenatore di primo livello. Insieme al padre Agostino, Guida Alpina e chiodatore, collabora per la valorizzazione di diverse falesie nella sua regione. Sandro Giovanetti nasce ad Atri nel 1988. Da sempre appas- sionato di natura e di viaggi, pratica diversi sport di montagna. Promotore e custode delle falesie dell’area vestina, dove ha chiodato nuove linee su diverse pareti, con un gruppo di amici si occupa della creazione di nuovi settori soprattutto nell’area di Valle D’Angri e ha organizzato i primi street-boulder ufficiali in Italia.')
INSERT INTO books (data_pubblicazione,id,pagine,prezzo,region_id,isbn,autore,immagine,sottotitolo,titolo,descrizione) VALUES ('2023-01-01',11,300,39.00,1,'1234567891234','Sandro De Toni, Stefano Maffi','/img/covers/Cop_ValliBresciane2023-2.jpg.1080x1440_q85.jpg','3.630 tiri tra massiccio dell’Adamello, Lago di Garda e Lago d’Iseo','Valli Bresciane Falesie','La provincia di Brescia ha un territorio montano sconfinato: l’Adamello con le sue grandi masse di granito, le aree calcare e dolomitiche centro-meridionali, tre laghi, quattro valli con un’infinità di piccole e grandi pareti sospese qua e là sui versanti. Eppure vuoi per la vastità del territorio, che ha reso complicate le esplorazioni, vuoi per la ritrosia dei bresciani a raccontare di sé  a oggi poco si sa del patrimonio di falesie dedicate all’arrampicata presenti sulle montagne camune, triumpline, valsabbine e gardesane. E, nonostante negli anni Ottanta Brescia sia stata uno dei territori da cui è partita la rivoluzione dell’arrampicata libera in Italia (sul monte Maddalena e alla Cava di Virle vi sono alcuni dei primi 8a liberati nel nostro Paese), molte pareti della provincia sono frequentate quasi solo dai locali. L’eccezione della Valle dell’Opol, sul Lago d’Iseo, meta di climber provenienti da ogni parte d’Europa, conferma la regola: molti altri siti, interessanti, di pregio e in ambienti magnifici, restano solitario terreno di gioco di lucertole, ghiri, falchetti e occasionali scalatori del posto. Questa guida  purtroppo ancora non onnicomprensiva  è un invito a esplorare le montagne bresciane e le sue pareti e a scoprire  nascosta dietro l’ingombrante e al tempo stesso inconsistente cortina delle infrastrutture industriali di fondovalle  la bellezza di una natura umile e magnifica, che ha molto da offrire al principiante e all’arrampicatore evoluto. Sandro De Toni, classe 1967, ha una trentennale esperienza di arrampicata sulle pareti di roccia di tutto l’arco alpino (Alpi Carniche, Marmolada, Pale di San Lucano, Adamello, Val Masino, Monte Bianco), ridotta negli ultimi anni per ragioni di infortuni e d’età. Ora si dedica all’esplorazione delle più sperdute falesie bresciane. Stefano Maffi, classe 1975, è arrampicatore da 20 anni e fin da subito si è interessato alla chiodatura di falesie, appassionandosi a questa attività che nel tempo è diventata un “chiodo fisso” e che dura tutt’ora. Fra le falesie chiodate presenti in questa guida ci sono, in Valle dell’Opol, Tisdel e la nuovissima La pala. Ha contribuito alla nascita, insieme ad altri soci fondatori, dell’associazione Opolrock, che si occupa della vasta area di arrampicata della Valle dell’Opol.')
INSERT INTO books (data_pubblicazione,id,pagine,prezzo,region_id,isbn,autore,immagine,sottotitolo,titolo,descrizione) VALUES ('2023-01-01',12,300,39.00,15,'1234567891234','Massimo Cappuccio, Giuseppe Gallo','/img/covers/Cop_DIRocciaDiSole_Falesie_ITA.jpg.1080x1440_q85.jpg','Arrampicate in Sicilia','Di Roccia di Sole Falesie','Cinque edizioni in quasi vent’anni, danno un’idea dell’evoluzione che ha avuto il mondo dell’arrampicata in Sicilia. In particolare, dopo l’esplosione dell’arrampicata prima nel palermitano e poi nel trapanese, nell’area di San Vito lo Capo, ecco che tocca alla zona orientale, con Canicattini che sta emergendo come terzo polo Siciliano. Tante le novità, non solo per le falesie ma anche per quanto riguarda il boulder e il deep water solo. L’aumento anche delle vie lunghe, ha portato il progetto alla separazione tra falesie e multipitch (volume che uscirà a seguito di quello qui presentato) in due differenti volume, come già accaduto a molte altre importanti aree di scalata trattate nella nostra collana. Un universo verticale descritto nei particolari con dedizione e passione, un valido strumento, bello e corposo, per muoversi agevolmente tra le rocce dell’isola. Massimo Cappuccio, classe 1966, climber, fotografo e viaggiatore. Ha iniziato ad arrampicare nei primi anni novanta e fin dagli esordi si è impegnato per lo sviluppo e la promozione di questo sport. Nell’area di Siracusa, dove vive, ha chiodato i primi settori, ha aperto diverse vie lunghe (trad e sportive) e ha realizzato la prima palestra indoor. Organizzatore del San Vito Climbing Festival e di altri eventi sportivi outdoor. Ha viaggiato e arrampicato nelle aree più remote dei cinque continenti, effettuando anche lunghe traversate in mountain bike, trekking e spedizioni alpinistiche. Ancora oggi, come fotografo e autore di diversi progetti editoriali è impegnato nella promozione dell’arrampicata e del turismo sportivo in Sicilia. Giuseppe “Peppe” Gallo, palermitano classe 1965, ha iniziato la sua attività alpinistica oltre 30 anni fa maturando un discreto curriculum di salite su ghiaccio e su roccia nell arco alpino, appenninico e soprattutto in Sicilia. Istruttore Nazionale di Alpinismo del CAI, in Sicilia è stato promotore di una serie di iniziative per la cura e valorizzazione dei siti d’arrampicata e nella diffusione delle attività alpinistiche. Grande conoscitore del territorio siciliano, ha realizzato in questa regione una lunga serie di ripetizioni oltre che di nuove aperture. Con Massimo Cappuccio e Daniele Arena ha ideato e organizzato per 10 anni il San Vito Climbing Festival.')
INSERT INTO books (data_pubblicazione,id,pagine,prezzo,region_id,isbn,autore,immagine,sottotitolo,titolo,descrizione) VALUES ('2022-01-01',13,300,39.00,1,'1234567891234','Niccolò Bartoli','/img/covers/Cop_ValDiMello2023_ITA-copia.jpg.1080x1440_q85.jpg','Arrampicate trad e sportive nella culla del free-climbing italiano','Val di Mello','\"Tra le vallate alpine la Val di Mello non ha paragoni. Sopra pareti a picco, sotto un tranquillo fondovalle pianeggiante solcato dalle acque verdeazzurre del torrente. È un luogo mitico nella geografia dell’arrampicata, dove negli anni ’70 un gruppo di ragazzi ha saputo reinventare la scalata, disegnando vie su pareti inchiodabili, immerse in una natura potente e monumentale. Anche di questo si parla in questa guida. Un’opera monografica di ampio respiro, dove ogni itinerario dovrebbe apparire con il suo carattere e la sua forza, da quelli dei pionieri alle ultime realizzazioni. Di alcuni di questi esploratori abbiamo avuto dei contributi scritti, testimonianze di prima mano di un’epopea leggendaria che ha segnato un periodo storico e ha rivoluzionato il modo di concepire e praticare l’alpinismo è questa infatti la culla del free climbing italiano. Seguire i racconti di Masa, Merizzi, Miotti e Boscacci è un po’ respirare l’aria leggera e tagliente di quegli anni. Ma soprattutto è tornare al punto da dove tutto ha avuto inizio, al coraggio e alla fantasia che non aveva velleità di andare al potere, ma che ha saputo alfabetizzare le generazioni che sono arrivate dopo. Leggere dunque per capire e riscoprire un mondo di pietra di qualità insuperabile\". Mario Sertori Niccolò Bartoli è nato nel pieno centro della città di Milano, nel 1991. A circa 21 anni, dopo aver provato ogni genere di sport, scopre l’arrampicata. Inizia così un percorso di vita che a oggi, come lui dice, lo ha portato a vivere in modo differente. Ha trascorso i primi anni lungo le pareti lecchesi alternando monotiri sportivi di nicchia alle classiche vie multipitch. Inizia presto a interessarsi alla chiodatura di nuovi itinerari: con l’aiuto di un amico e di Versante Sud sistema la piccola ma caratteristica falesia di Acapulco. Da lì a poco scopre, pochi chilometri più a nord, la Val di Mello e ne rimane folgorato. Vive anni spensierati, dedicandosi solo alla ricerca del gesto e, soprattutto, sperimentando l’arrampicata in aderenza, che tanto lo incuriosisce. Qui incontra nuovi amici e soci, con i quali scala un po’ di tutto in seguito la voglia di curiosare li porta a percorrere placche granitiche sempre più ripide e improbabili. Ora vive in un piccolo van camperizzato, spostandosi durante l’anno alla ricerca delle migliori situazioni di vita arrampicatoria, perché sì, la scalata non è solamente uno sport!')
INSERT INTO books (data_pubblicazione,id,pagine,prezzo,region_id,isbn,autore,immagine,sottotitolo,titolo,descrizione) VALUES ('2023-01-01',14,300,39.00,7,'1234567891234','Giuseppe Picone, Monica Delicati','/img/covers/Cop_UMBRIArock-900.jpg.1080x1440_q85.jpg','Falesie e vie moderne','Umbria Rock','UMBRIA Rock costituisce la prima guida che raccoglie tutte le falesie d arrampicata in Umbria e nelle immediate vicinanze. Chi desidera arrampicare in questa regione troverà diverse proposte, nuove o completamente aggiornate. Gli avvicinamenti sono stati tutti percorsi dagli autori la stessa attenzione vale per i disegni, ricavati da fotografie in molti casi inedite. Per quanto attiene le condizioni climatiche, le falesie sono prevalentemente invernali, ad ogni modo è possibile arrampicare in tutte le stagioni. In definitiva, UMBRIA Rock è una guida completa, frutto del lavoro sul campo degli autori e di una manciata di amici che vogliono offrire uno strumento per la divulgazione dell’arrampica sportiva anche in questo angolo d’Italia. Per molto tempo l’Umbria è stata conosciuta solamente come il “cuore verde” d’Italia.Oggi non è più così perché, grazie al lavoro effettuato dagli autori, spesso coinvolti in prima persona nella chiodatura di diverse falesie qui presentate, è possibile provare stili di arrampicata molto diversi. Si va dagli strapiombi di Ferentillo alle placche, che costituiscono la parte numericamente prevalente il tutto in un territorio relativamente ristretto. UMBRIA Rock vuole essere un libro d arrampicata utile per chi viene in questa regione per un weekend, ma anche per chi qui vive tutto l’anno. D’altronde arrampicare in Umbria è molto gradevole in quanto le falesie sono spesso inserite in ambienti che sono una combinazione tra luoghi storici, itinerari enogastronomici e valli solitarie. Quando arrivate in catena, prima di scendere guardate il panorama: siete pur sempre in Umbria! Giuseppe “Pepito” Picone, classe 1970, è romano di nascita, ma da oltre vent’anni risiede in Umbria. Si avvicina all’arrampicata a 36 anni, ma, in poco tempo, la passione per questo sport lo porta a liberare molte vie, comprese alcune di alta difficoltà, e a realizzare, o rimettere a posto, diverse falesie. La sua attività non si limita alla sola arrampicata sportiva, ma ha ripetuto molte vie classiche nelle Dolomiti. Nella palestra dove lavora si dedica a un’intensa attività didattica nei confronti di molti climber. Monica Delicati, classe 1987, è laureata in Scienze motorie e sportive, istruttrice di nuoto. È insegnante di sostegno in una scuola superiore. Fin da giovane ha praticato molti sport, anche a livello agonistico. Scopre l’arrampicata quando conosce Pepito, di cui diviene compagna di vita e di scalate, sia in falesia che in montagna.')
INSERT INTO books (data_pubblicazione,id,pagine,prezzo,region_id,isbn,autore,immagine,sottotitolo,titolo,descrizione) VALUES ('2024-01-01',15,300,39.00,2,'1234567891234','Gianluca Bergese, Gianfranco Ghibaudo','/img/covers/Cop_CornoStella-900.jpg.1080x1440_q85.jpg','Arrampicate classiche e moderne nel Vallone dell’Argentera-Valle Gesso','Corno Stella','Uno dei massicci montuosi più interessanti delle Alpi del Sud, è il Gruppo dell’Argentera con il Corno Stella. In questa seconda edizione, completamente aggiornata nei contenuti e nella grafica, oltre al “Corno” vengono trattati anche la Catena delle Guide, la Serra dell’Argentera con i suoi Contrafforti, la Catena della Madre di Dio e alcune interessanti falesie in quota, non lontano dal Rifugio Lorenzo Bozano (C.A.I. Ligure-Genova), l’ultimo baluardo umano del suggestivo vallone dell’Argentera.235 itinerari, quasi tutti su roccia eccellente, in grado di soddisfare il palato di chiunque: alpinismo classico facile e impegnativo, moderne multipitch di tutte le difficoltà, monotiri, grandes courses! L’obiettivo degli autori é quello di promuovere “all round” un’area alpina che non ha nulla da invidiare alle più blasonate mete alpinistiche italiane e straniere. Gianluca Bergese, saluzzese, appassionato alpinista- arrampicatore, tecnico di Soccorso Alpino, geometra libero professionista si occupa di tutto ciò che sta nelle “terre alte”. Autore di numerose nuove aperture soprattutto in Marit- time, oltre a una notevole quantità di richiodature sia in falesia che in quota. Coautore di servizi monografici, articoli sulle principali riviste di settore e di altre cinque guide d’arrampicata, tutte relative all’area cuneese. Gianfranco Ghibaudo, cuneese doc, classe 1966, artigiano, alpinista-arrampicatore e fotografo per hobby. Numerose le ripetizioni di itinerari su roccia e ghiaccio, importanti nuove aperture e richiodature in bassa valle e in quota. Negli ultimi anni concentra la sua attività in Marittime, allo scopo di promuovere e valorizzare l’alpinismo nel cuneese, assieme all’amico di sempre Gianluca. Con questa ultima guida, la quinta, conferma la sua grande passione per queste montagne.')
INSERT INTO books (data_pubblicazione,id,pagine,prezzo,region_id,isbn,autore,immagine,sottotitolo,titolo,descrizione) VALUES ('2025-01-01',16,300,39.00,3,'1234567891234','Alessio Conz, Renato Bernard','/img/covers/Cop_SELLArock_ITA-900.jpg.1080x1440_q85.jpg','255 vie classiche e sportive nel Gruppo del Sella','Sella Rock','Il Gruppo del Sella è semplicemente enorme, con centinaia e centinaia di itinerari. Nel corso degli anni sono state aperte tantissime vie, alcune delle quali ormai sono state dimenticate o seppellite da nuove linee che sfioravano, incrociavano, includevano le precedenti. Più di una nuova via moderna ha definitivamente cancellato residui di linee storiche, per lo più irripetute e di cui praticamente nessuno ricordava l’esistenza. Si potrebbe fare una monografia solamente sulle famose Torri e sul Piz Ciavazes, ma il Gruppo del Sella non è solamente Piz Ciavazes, e l immensa parete del Sass Pordoi è li a ricordarlo poi basta svoltare l’angolo del Passo Sella per trovarsi di fronte alle ombrose pareti del versante nord, passare sotto alle imponenti placche sportive di Cansla, guardare con timore le pareti delle Mesule, zona no spit per eccellenza. Poco dopo la falesia di Frea con le sue multipitch riporta ad un clima più rilassante ma le pareti del Sass dla Luesa riportano all’alpinismo più classico. Poco dopo ancora l’immensa parete del Pisciadù e della Torre Brunico consentono di cimentarsi in itinerari classici e sportivi di gran classe. A Colfosco la Faccia oscura della luna offre ormai ben 15 itinerari sportivi ad opera dell’infaticabile Roly Galvagni, mentre l’ultimo angolo di questo paradiso roccioso visitato in questa guida riguarda le pareti nei dintorni del Vallon, nelle vicinanze del Rifugio Kostner. Abbiamo concentrato la nostra attenzione sugli itinerari più interessanti dando più attenzione alla precisione delle relazioni che al numero di vie presentate. Ovviamente non abbiamo ripetuto tutte le vie esistenti ma ci siamo avvalsi della collaborazione di prima mano di apritori e ripetitori nella speranza di fornire un prodotto più preciso possibile. Alessio Conz inizia ad arrampicare e a praticare sci alpinismo nei primi anni ’80 e frequenta assiduamente le Dolomiti per una quindicina d’anni. Più tardi privilegia la falesia e le vie sportive. Nel 2010 diventa A. Guida Alpina e crea Lagorai Avventura - proposte outdoor in Valsugana e Lagorai. Accanto all’attività di proposte turistiche e di impresa artigiana per lavori in fune, svolge una fiorente attività di pubblicazioni, libri e articoli. Renato Bernard nato e vissuto a Campitello di Fassa nelle Dolomiti si diploma ISEF e diventa Maestro di sci e allenatore di sci alpino, Guida alpina e istruttore ai corsi guida. Agli inizi del 2000 entra nel corpo docenti del liceo scientifico di Tione come responsabile per il settore montagna e inoltre lavora come docente ai corsi per maestri di sci - specializzazione freeride. Il suo curriculum alpinistico e professionale è fatto di migliaia di salite e ripetizioni nelle Dolomiti e nelle Alpi, in Europa e fuori. Ha partecipato a diversi viaggi e spedizioni extra europeee. Attualmente svolge la professione di Guida Alpina ed è Direttore dei corsi guida del Friuli Venezia Giulia.')
INSERT INTO books (data_pubblicazione,id,pagine,prezzo,region_id,isbn,autore,immagine,sottotitolo,titolo,descrizione) VALUES ('2022-01-01',17,300,39.00,3,'1234567891234','Heinz Grill, Florian Kluckner','/img/covers/Cop_DOLOMITI-Grill-Kluckner_ITA-900.jpg.1080x1440_q85.jpg','53 Itinerari Raccontati Esperienze di prime salite','Dolomiti','Heinz Grill è uno dei personaggi più conosciuti nel mondo dell’alpinismo di lingua tedesca, non per le sue prestazioni sportive, ma per il suo modo di vivere l’arrampicata: per Heinz esso è volto alla ricerca del piacere estatico insito nel gesto corporeo e nel rapporto con l’ambiente in cui questo si esprime. Nel presente volume, insieme al suo grande amico e compagno Florian Kluckner, Heinz presenta una selezione dei migliori itinerari da loro aperti in Dolomiti, guidando il lettore non solo alla loro ripetizione, ma anche alla scoperta delle ricchezze “spirituali” più profonde che essi contengono.Gli itinerari sono corredati da racconti delle salite, fatti dagli autori o dai loro compagni di cordata, alcuni dai nomi prestigiosi anche in Italia come Ivo Rabanser. Le foto e gli schizzi, tutti ad opera degli stessi apritori, garantiscono la miglior qualità anche nella descrizione tecnica degli itinerari, tutti di lungo sviluppo e di difficoltà alpinistiche comprese tra il V e il VII grado UIAA. Heinz Grill è cresciuto a Soyen, un paesino della Germania del sud vicino a Wasserburg am Inn, e ha iniziato ad arrampicare già a 12 anni. Da giovane ha sviluppato uno stile di arrampicata free solo piuttosto inusuale per l’epoca. Ha scalato circa 400 grandi e difficili vie alpine nei Monti del Karwendel, nei Monti del Kaiser, nei Reiter Alm e nelle Dolomiti. Dopo essersi trasferito dalla Germania del sud ad Arco, in Trentino, si è dedicato principalmente all’apertura di oltre 115 nuove vie di arrampicata. Nel farlo ha attribuito grande importanza a mettere in rilievo e stimolare il lato spirituale e sensoriale delle persone, come è tipico della sua filosofia di vita. In Valle del Sarca questo è stato possibile grazie allo sviluppo della cosiddetta arrampicata ritmica, che ben si adatta alle pareti più accoglienti e meno impegnative. Ma a partire dal 2005, e sempre di più negli ultimi anni, Heinz Grill ha aperto nuove vie anche sulle Dolomiti, con l’obiettivo di fare apprezzare ai ripetitori l’esperienza delle specifiche caratteristiche di ogni via in questa regione alpinisticamente impegnativa. Florian Kluckner è nato a Innsbruck, in Austria. Dal 1990 è guida alpina, scialpinistica e istruttore di arrampicata ha arrampicato fino all’8b con la salita sul Cerro Torre, in Patagonia. Nel 1994 ha incontrato Heinz Grill, e tramite lui ha imparato nuove possibilità per approfondire il rapporto con l’alpinismo e l’arrampicata. Dal 2006 ha aperto circa 100 nuove vie in Valle del Sarca, Dolomiti, Sicilia e Piemonte. Come autore ha pubblicato tra le altre cose la brochure “Die Kunst der empfindsamen Bewegung” (L’arte del movimento sensibile, 2014), le guide di arrampicata “Arco Plaisir” (2016) e “Kunst und Klettern” (Arte e arrampicata, 2019), così come diversi articoli su riviste di alpinismo.')
INSERT INTO books (data_pubblicazione,id,pagine,prezzo,region_id,isbn,autore,immagine,sottotitolo,titolo,descrizione) VALUES ('2022-01-01',18,300,39.00,1,'1234567891234','Federico Bagarin, Alessandro Codecà','/img/covers/Cop_ValtellinaRockPARETI_ITA.jpg.1080x1440_q85.jpg','Multipitch sportivi e trad in Val Gerola, Val Masino, Val Malenco, Aprica, Val Grosina, Bormio, Valfurva, Val di Dentro, Laghi di Cancano','Valtellina Rock Pareti','La Valtellina offre molteplici proposte per attività sportive outdoor, ma tra queste la regina indiscussa è l’arrampicata, in tutte le sue declinazioni: monotiri, multipitch sportiva, multipitch trad e alpinismo su roccia. Nella collana di Versante Sud sono da poco uscite le guide dedicate al bouldering e alle falesie, mentre manca a oggi un volume dedicato alle multipitch al di fuori della blasonata val Masino. Questo volume racchiude i numerosissimi itinerari sportivi e trad, presenti nella zona della Valtellina, fino a ora rimasti nascosti nelle relazioni degli apritori e in poche altre vecchie guide ormai introvabili. VALTELLINA ROCK Pareti comprende tutte le vie raggiungibili in giornata, sia sportive che trad, tralasciando gli itinerari alpinistici e quelli che richiederebbero pernottamenti in rifugio o bivacco. Ci sono vie frequentabili in tutti i periodi dell’anno, anche se in misura minore nella fredda stagione invernale. Federico Bagarin, nato a Milano nel 1993, ha iniziato ad arrampicare in Val Masino all’età di 15 anni lasciando il nuoto per la nuova passione trovata. Partendo da autodidatta, seguito dal papà Carlo che per l’occasione inizia a sua volta ad arrampicare, frequenta inizialmente le falesie e poi le multipitch nei pressi di Sondrio dove si è trasferito ancora giovane, portando avanti la sua passione nel corso degli anni. Attualmente ha salito parecchi itinerari sportivi sopra l’8a in falesia e, con la qualifica di istruttore FASI (CONI), insegna e allena nelle palestre indoor di Milano e Bergamo. Alessandro Codecà, nato nel 2005, vive a Milano e studia tutto ciò che riguarda il mondo multimediale al liceo artistico. Arrampica principalmente in falesia da circa 2 anni ed è proprio qui dove trova sempre la motivazione per crescere al meglio nell’ambiente outdoor, indoor e nel mondo delle gare giovanili e senior. Grazie a Federico Bagarin, il suo allenatore, ha iniziato a frequentare il mondo del multipitch visitando tutte le valli nascoste e ricche di roccia della Valtellina, dove passa da parecchi anni tutto il suo tempo libero.')
INSERT INTO books (data_pubblicazione,id,pagine,prezzo,region_id,isbn,autore,immagine,sottotitolo,titolo,descrizione) VALUES ('2019-01-01',19,300,39.00,1,'1234567891234','Pietro Buzzoni, Eugenio Pesci','/img/covers/Cop_LARIORockFalesie_2023_singole-2.jpg.1080x1440_q85.jpg','Resegone - Falesie di Lecco - Alto Lario orientale - Valsassina - Grigne - Triangolo Lariano - Sponda occidentale del Lago','Lario Rock Falesie','L’area geografica compresa fra le città di Lecco e di Como, raccolta intorno alle sponde del Lario, vanta da più di un secolo una continua e ben nota tradizione alpinistica. In particolare, quest’ultima si è espressa, negli anni, soprattutto nell’arrampicata libera su roccia, trovando nelle Grigne e anche nel Resegone un terreno privilegiato e paesaggisticamente magnifico. In questo senso, sin dagli anni 30 del ’900, dall’epopea del sesto grado, e con la scuola di Riccardo Cassin e compagni, le rocce lecchesi si sono distinte come una delle culle dell’arrampicata su calcare in Italia.Dal 1984 la zona lecchese e comasca ha visto una rapida e continua diffusione dell’arrampicata sportiva, entro un’evoluzione che non ha conosciuto soluzioni di continuità ed è oggi quantomai vivace.La grande vicinanza dell’area lecchese alle metropoli del Nord ha favorito e incrementa tuttora una frequentazione molto elevata di queste rocce, peraltro da tempo ben note anche a livello internazionale.Il presente volume si colloca, non solo come nuova edizione del precedente, risalente al 2018, ma come somma di tutte le informazioni disponibili sulle falesie lariane, come testo di riferimento per l’arrampicata sportiva nel lecchese e nel comasco. Il volume, redatto dai medesimi esperti autori dell’edizione precedente, descrive più di 100 falesie, utilizzando le più moderne tecnologie editoriali e grafiche, con supporto di disegni e fotografie tecniche relative agli accessi e alla collocazione delle strutture rocciose, affiancate dalle indicazioni GPS e QR code inerenti gli accessi alle medesime e ai parcheggi. Per precisa scelta editoriale questo volume è stato inoltre arricchito con un alto numero di fotografie d’azione, nella convinzione che le immagini costituiscano un elemento fondamentale nella caratterizzazione sportiva di una falesia o di una via d’arrampicata. Numerose schede storiche e tecniche, illustrano infine i personaggi e i luoghi che hanno fatto la storia dell’arrampicata sportiva nell’area lariana.   Pietro Buzzoni (Lecco, 1963) alpinisticamente cresciuto tra le pareti lecchesi e valsassinesi ha ripetuto e aperto numerose vie in tutto l’arco alpino. Ha inoltre scoperto e attrezzato diverse falesie e salito numerose vie nuove su pareti nel territorio Lecchese e Valsassinese. Interessato alle vicende alpine e alpinistiche ha pubblicato diverse guide tecniche e altri testi legati alla storia alpina e alpigiana della Valsassina. Eugenio Pesci (Milano, 1961) arrampica dal 1974, e insegna Filosofia a Milano. Ha ripetuto numerose vie classiche e moderne sulle Alpi e dal 1985 si è dedicato soprattutto all’apertura e attrezzatura di nuove vie di stile moderno non solo in Italia. Ha contribuito alla diffusione dell’arrampicata sportiva e moderna con pubblicazioni sulle principali riviste europee di settore. Oltre a sei volumi tecnici dedicati alle arrampicate nel lecchese, ha pubblicato il volume Le Grigne, Guide dei Monti d’Italia, Tci-Cai, 1998, e Solitudine sulla est. Ettore Zapparoli e il Monte Rosa romantico, Vivalda 1995.')
INSERT INTO books (data_pubblicazione,id,pagine,prezzo,region_id,isbn,autore,immagine,sottotitolo,titolo,descrizione) VALUES ('2025-01-01',20,300,39.00,16,'1234567891234','G. Avesani, M. Bursi, F. De Marchi','/img/covers/Cop_VeronaRock_ITA-900.jpg.1080x1440_q85.jpg','Arrampicata sportiva tra Lago di Garda, Monte Baldo, Val d’Adige','Verona Rock Falesie','VERONA ROCK Falesie nasce dall’eredità della guida MONTE BALDO Rock. Spinti dal desiderio di realizzare quanto i precedenti autori avevano invano tentato, Giovanni Avesani, Massimo Bursi, Fabio De Marchi, Claudio Migliorini, Diego Perotti, Giuseppe Vidali e Nicola Zorzi hanno beneficiato del contributo attivo e partecipe di molti chiodatori e arrampicatori veronesi, una sinergia che ha finalmente reso possibile la prima guida di arrampicata sportiva comprendente tutta la provincia scaligera. VERONA ROCK Falesie non è solo quindi una trattazione completa e chiara di tutti i siti più conosciuti come la storica Ceredo e il Sengio Rosso, ma anche importanti novità, oltre a falesie meno note o conosciute esclusivamente dagli scalatori locali. Ambienti naturali molto suggestivi come il canyon dell’Adige o i Monti Lessini, accanto alle Piccole Dolomiti, fanno da cornice a una grande varietà di pareti, che passano dalle placche appoggiate fino ai forti strapiombi. I periodi migliori per la scalata sono senza dubbio le mezze stagioni, ma l’abbondanza di pareti con esposizioni favorevoli permette la scalata tutto l’anno. Giovanni Avesani ha coordinato i lavori, gestendo tutta l’informatizzazione e facendo da tramite fra le richieste pratiche della casa editrice e il gruppo di lavoro: il factotum! Massimo Bursi, oltre a curare l’introduzione storica e le interviste ai protagonisti, è stato un fondamentale punto di riferimento, per i più giovani e i meno giovani, grazie alla sagacia con la quale ha affiancato e condotto la nave in porto: il viator! Fabio De Marchi ha contribuito alla raccolta dati, alla revisione finale e a tutte le fasi intermedie del lavoro, irraggiando il gruppo con il suo spirito pragmatico ogni qualvolta la notte si faceva più buia: l’illuminator! Claudio Migliorini ha curato i rapporti con l’editore, coordinando il gruppo e i vari collaboratori esterni durante tutte le fasi del lavoro fra una miriade di pubbliche relazioni e telefonate: il motor! Diego Perotti ha contribuito alla raccolta dati, alla scrittura delle introduzioni alle macroaree, dei testi introduttivi e soprat- tutto alla riscrittura e correzione di numerose schede. Il suo spirito filosofico-letterario e il suo occhio filologico pervadono la qualità stilistica di questa guida: il criticus! Beppe Vidali ha contribuito alla qualità figurativa del lavoro dipingendo gli acquerelli, ma soprattutto ha dato continuità storica fra chi c’era e chi, concretamente, c’è ancora, dimostrando che solo curando l’intelligenza e la capacità di dialogo è possibile evitare il progressivo isolamento che conduce all’autoreferenza e infrangere così le barriere generazionali: il pons! Nicola Zorzi ha contribuito alla raccolta dati, alla revisione delle bozze in tutte le sue fasi e alla raccolta/elaborazione di nuove fotografie, sempre presente, affidabile e, soprattutto, pronto al confronto: il constans!')
INSERT INTO books (data_pubblicazione,id,pagine,prezzo,region_id,isbn,autore,immagine,sottotitolo,titolo,descrizione) VALUES ('2022-01-01',21,300,39.00,6,'1234567891234','M.Gambaro','/img/covers/Cop_ValPennavaire_ITA_900.jpg.1080x1440_q85.jpg','Falesie tra l’entroterra di Albenga e il basso Cuneese: val Neva, val Pennavaire','Pennavalley Climbing','Nell’entroterra di Albenga, a poca distanza da Finale Ligure, c’è una valle ancora incontaminata, ricca di ciliegi, oliveti, funghi e tartufi: una ricchezza biologica che si deve alla presenza del Pennavaire, il rigoglioso torrente che l’attraversa tra un verde esuberante e selvaggio. Una fitta rete di sentieri collega le varie frazioni in una cornice di boschi, borghi medievali e ponti di altre epoche. Se siete stanchi di falesie affollate, parcheggi pieni, multe, abitanti che vi guardano come foste un’orda di vandali, questo è il posto che fa per voi! Qui i pochi abitanti vedono ancora l’arrampicata come una possibilità di sviluppo, e l’accoglienza è magnifica. Qui è possibile perdersi tra il verde senza vedere anima viva, fare un bagno nudi in un torrente e scoprire che vi sta spiando solo un capriolo. Le falesie sono splendide. La scalata è moderna, fatta di tiri lunghi e sostenuti, ben protetti secondo le moderne concezioni di sicurezza, vista la piuttosto recente scoperta del luogo in chiave verticale. Si va dalle prime falesie nella più vicina area di Castelbianco, tra cui Terminale ed Erboristeria, fino ai nuovi gioielli in alta valle, che fanno base alla frazione di Alto. È qui, dulcis in fundo, che si sta sviluppando l’alta difficoltà della Liguria: è questo il luogo dove è più facile trovare i campioni che scalano sui gradi impossibili ai comuni mortali. Matteo Gambaro nato a Cuneo il 10.11.1974 ha studiato presso l’Istituto Superiore dello Sport di Torino, muove i sui primi passi verticali nell anno 1992 sulle falesie del Cuneese e Finalese. Arrivato dopo solo 8 mesi al grado 8, inizia una lunga esperienza competitiva che lo porta a vincere la Coppa Italia lead 2005 con numerose esperienze internazionali, alternate a tantissime salite tra cui spiccano in successione la famosa Noia 8c+ (1999), Azione Diretta F.a. 8c+/9a (2009 mai ripetuta), Abisse 9a (2012), Perfect man 2.0 9a f.a. (2015), Esclatamaster 9a (2019), Narcissus 9a/+ ad Albenga (2021) e Comité d’accueil 9a a Seranon (Fra) (2022). Dal 2009 al 2016 fondatore e titolare unitamente a Elena Chiappa del Posto di blocco climbing village con palestra, bar e negozio. Tracciatore Nazionale Fasi ha organizzato e tracciato numerosissime competizioni tra cui la coppa italia boulder di Cuneo 2009 e numerose competizioni regionali (Tcc) oltre a raduni importanti come l’Mdv, il Bloc Pennavaire e il Cervino boulder block. Dal 2015 si trasferisce a Cisano sul Neva iniziando una vera e propria rivoluzione verticale in Val Pennavaire ha chiodato oltre 300 vie dal 8a al 9a+ e arricchito la valle di tante vie di alto livello che prima mancavano.')
INSERT INTO books (data_pubblicazione,id,pagine,prezzo,region_id,isbn,autore,immagine,sottotitolo,titolo,descrizione) VALUES ('2025-01-01',22,300,39.00,1,'1234567891234','Buzzoni P., Pesci E.','/img/covers/Cop_LARIORockPareti-2.jpg.1080x1440_q85.jpg','Pareti del lago di Lecco, Medale, Grigne, Valsassina, Campelli, Alpi Orobie Valsassinesi, Resegone e Triangolo Lariano','Lario Rock Pareti','Il cuore dell’arrampicata lecchese, ma anche per buona parte di quella milanese e delle città di pianura a sud del lago di Como, batte proprio sulle grandi e piccole pareti delle Grigne, il cui sviluppo arriva talora a 600 metri di verticalità. È qui che da circa un secolo alpinisti del calibro di Ratti e Cassin hanno contribuito in modo decisivo alla moderna concezione dell’arrampicata e dell’alpinismo su roccia.Questa guida prende in considerazione le vie multipich di questo massiccio che incombe sulla città di Lecco, e assieme a Lario Rock  Falesie, rappresenta un punto di riferimento tecnico e storico per la conoscenza e l’evoluzione dell’arrampicata sulle pareti attorno al Lario. Dagli itinerari storici degli anni 30, sino alle numerose vie moderne attrezzate, sulle pareti lecchesi esiste oggi una possibilità di azione estremamente ampia. Questo volume mira a dare un quadro in gran parte esaustivo della situazione tecnica attuale, spaziando dalle Grigne al Resegone, dal Monte San Martino alla Valsassina, senza trascurare le tante strutture minori. Gli autori hanno dato al lavoro un taglio che unisce alla precisione tecnica una serie di approfondimenti storici relativi alle vicende e ai personaggi che hanno animato nel tempo l’azione verticale su queste pareti.Come nella precedente edizione, vengono approfondite, con schede specifiche corredate da un apparato iconografico arricchito da rare immagini, molto spesso inedite, le vicende che hanno portato alla creazione di molte vie celebri o di alta difficoltà. Notevole spazio è stato inoltre dato alla dettagliata descrizione degli itinerari non solo attraverso un testo analitico ma anche e soprattutto attraverso i tracciati sulle fotografie. Pietro Buzzoni (Lecco, 1963) alpinisticamente cresciuto tra le pareti lecchesi e valsassinesi ha ripetuto e aperto numerose vie in tutto l’arco alpino. Ha inoltre scoperto e attrezzato diverse falesie e salito numerose vie nuove su pareti nel territorio Lecchese e Valsassinese. Interessato alle vicende alpine e alpinistiche ha pubblicato diverse guide tecniche e altri testi legati alla storia alpina e alpigiana della Valsassina. Eugenio Pesci (Milano, 1961) arrampica dal 1974, e insegna Filosofia a Milano. Ha ripetuto numerose vie classiche e moderne sulle Alpi e dal 1985 si è dedicato soprattutto all’apertura e attrezzatura di nuove vie di stile moderno non solo in Italia. Ha contribuito alla diffusione dell’arrampicata sportiva e moderna con pubblicazioni sulle principali riviste europee di settore. Oltre a sei volumi tecnici dedicati alle arrampicate nel lecchese, ha pubblicato il volume Le Grigne, Guide dei Monti d’Italia, Tci-Cai, 1998, e Solitudine sulla est. Ettore Zapparoli e il Monte Rosa romantico, Vivalda 1995.')
INSERT INTO books (data_pubblicazione,id,pagine,prezzo,region_id,isbn,autore,immagine,sottotitolo,titolo,descrizione) VALUES ('2024-01-01',23,300,39.00,6,'1234567891234','Marco “Thomas” Tomassini','/img/covers/Cop_FINALEClimbing2022_ITA-2.jpg.1080x1440_q85.jpg','Arrampicate sportive nel Finalese','Finale Climbing','Selvaggio, aspro e paesaggisticamente eccezionale, quello di Finale è un territorio magico: bianche pareti di calcare emergono da una vegetazione rigogliosa in cui è facile perdersi senza una guida, terrazze rocciose aprono improvvisamente gli orizzonti con scenari che spesso spaziano fino al mare. Il Finalese è un luogo da esplorare che offre ancora oggi, dopo più di trent’anni di salite ed escursioni, spazi di avventura per climber, trekker e biker... e per chiunque abbia voglia d’inoltrarsi nelle sue valli. A partire dagli anni sessanta, con ai piedi ancora gli scarponi da montagna, alcuni alpinisti scoprirono Finale in chiave verticale. Da quegli anni tanti chiodatori, scalatori, autori e fotografi hanno trasformato il Finalese in uno dei più importanti luoghi di arrampicata del mondo. Questa terza edizione della guida di Thomas aggiunge, dopo solo 5 anni, 21 falesie tra nuove e recuperate, ed è realizzata con le più aggiornate tecnologie: foto aeree delle pareti, QR code con i video delle falesie principali, QR code con i punti gps per navigare fino ai parcheggi, tracce gps di tutti gli avvicinamenti per trovare facilmente i sentieri nei fitti boschi finalesi. Marco “Thomas” Tomassini (1971), inizia a frequentare il Finalese negli anni ottanta. L’amore per la montagna e la roccia lo porta ad appassionarsi dapprima alla speleologia ed in seguito all’arrampicata... da qui il passo verso la chiodatura è breve. Fra il 1993 ed il 1996 diventa istruttore di speleologia della S.S.I. e poi istruttore di arrampicata U.I.S.P. e aiuto istruttore C.A.I. Finale Ligure e le sue rocce diventano lo scenario di arrampicata e chiodatura prediletto qui nel corso di circa 32 anni Thomas attrezza, da solo o insieme ad altri, più di 600 itinerari di difficoltà e lunghezze differenti. Nel mese di luglio del 2007 esce la sua prima guida Finale by Thomas che raccoglie il lavoro di circa due anni tra chiodature, richiodature, foto, disegni e testi. Nel 2009 fonda insieme ad un gruppo di amici l’associazione sportiva Tothemass. Continua instancabile ad attrezzare tiri e nel 2010, grazie a un contributo del Comune di Finale Ligure, con il fidato amico Jack riqualifica e amplia nuovi settori e falesie. Nel frattempo pubblica Finale... non solo mare una guida sulle attività extra-alberghiere di Finale Ligure e con Versante Sud la guida di trekking e trail running Sentieri di Finale. Più recentemente esce la sua guida turistica intitolata Guida dei quattro borghi, una guida turistico-storica che descrive i borghi di Noli, Varigotti, Finalborgo e Borgio Verezzi. Subito dopo pubblica il suo primo romanzo di fantascienza intitolato Il segreto della principessa Val. Questa, dopo undici anni dall’uscita della prima edizione, è la nuova edizione di Finale climbing, la sua guida di arrampicata, corretta, ampliata e migliorata.')
INSERT INTO books (data_pubblicazione,id,pagine,prezzo,region_id,isbn,autore,immagine,sottotitolo,titolo,descrizione) VALUES ('2024-01-01',24,300,39.00,1,'1234567891234','Andrea Pavan','/img/covers/Cop_MelloBoulder_2024-Ita.jpg.1080x1440_q85.jpg','Blocchi in Val Masino Val di Mello, Valle dei Bagni, Piana del Remenno','Mello Boulder','Quasi 300 nuovi passaggi e il ripristino di decine di vecchie linee avvenuto in occasione degli ultimi Melloblocco, sono il motivo principale che ha portato alla pubblicazione di questa quinta edizione, confermando che questa bellissima vallata alpina è una miniera inesauribile di massi e che il suo potenziale è ancora ben lungi dall’essere completamente esplorato.Questa nuova edizione di Mello Boulder presenta ulteriori video da visualizzare tramite i QR-Code e una semplice applicazione scaricabile gratuitamente da tutti gli smartphone. È possibile vedere quasi trecento passaggi di diverse difficoltà e distribuiti in modo omogeneo tra i vari settori della valle.La guida è indirizzata a tutto il variegato popolo dei blocchisti: a chi vuole provare i passaggi più famosi e difficili, ma soprattutto a coloro che amano scalare sui massi godendosi il gesto e il magnifico contesto naturale in cui si troveranno immersi. Andrea Pavan, nato a cresciuto a Como, da più di dieci anni vive a Sondrio dove lavora come geologo. Nel 2003 entra a far parte dei Ragni di Lecco. Dopo le prime esperienze in montagna (alpinismo, scialpinismo e ghiaccio), a partire dal 1996 sidedica sempre di più all’arrampicata, dapprima percorrendo vie lunghe in giro per le Alpi (in particolare nel gruppo del Masino) poi in Perù e in Marocco. Ha scalato molto anche in falesia dove si è divertito a chiodare tiri nuovi. La sua grande passione, da sempre, è l’arrampicata sui massi. Ha pulito e liberato nuove linee, anche difficili, sia nel Masino sia in altri siti di bouldering sparsi nella provincia di Sondrio (Selvapiana, Dazio, Val di Togno, Val Gerola, ecc.) ma anche in occasione dei viaggi in Marocco e Turchia, sempre in compagnia degli amici “Ragni”.')
INSERT INTO books (data_pubblicazione,id,pagine,prezzo,region_id,isbn,autore,immagine,sottotitolo,titolo,descrizione) VALUES ('2024-01-01',25,300,39.00,3,'1234567891234','Cristian Dorigatti, Morris Fontanari','/img/covers/TRENTINOBoulder.jpg.1080x1440_q85.jpg','Dalla valle del Sarca al cuore delle Dolomiti','Trentino Boulder','La prima guida blocchi di tutto il territorio trentino, che propone oltre alle zone più rinomate, molti piccoli paradisi ancora sconosciuti alla grande massa degli arrampicatori. Una raccolta che promuove il bouldering locale e il territorio dell’intero Trentino, con un prodotto che ancora non era sul mercato, nonostante il grande sviluppo di questo sport negli ultimi anni. Una guida attenta ai particolari, chiara e intuitiva: lo strumento ideale non solo per chi già mastica la disciplina da diversi anni, ma anche per il boulderista neofita, che necessita di informazioni complete e precise, sia sulla logistica che sulla sicurezza. Il continuo sviluppo delle tante aree boulder locali ha richiesto l’esigenza di organizzarle in un comodo e pratico volume: così nasce TRENTINO Boulder. Una guida alla portata di tutti che racconta storia, passione ed emozioni attraverso i massi di una delle regioni più belle e famose d’Italia! Cristian Dorigatti, classe 2000, istruttore di arrampicata sportiva e laureato in scienze motorie. Pluricampione della Coppa Europa nella disciplina speed e vincitore di più campionati italiani a livello giovanile. Partecipante a più coppe del Mondo a livello senior, dopo 5 anni con la squadra nazionale si è dedicato al bouldering e alla sua promozione a livello locale. Sviluppatore di molte aree boulder e sempre alla ricerca di nuove linee da scalare, ha cercato di trasmettere al prossimo la sua motivazione. Amante della fotografia e del trekking in montagna. Nato e cresciuto nel mondo dello sport nel quale continua a trovare la sua più grande passione. Morris Fontanari, classe 1996. Talentuoso boulderista che in soli cinque anni è riuscito a chiudere linee fino all’8b. Determinazione, motivazione e passione l’hanno spinto ad allenarsi costantemente per i suoi obiettivi centrandoli sempre. Istruttore di arrampicata sportiva, guida ora una squadra agonistica di giovani scalatori. Appassionato di natura e cura del nostro territorio si impegna sempre a mantenere in vita le aree boulder locali sviluppando l’arrampicata nella zona in cui vive.')
INSERT INTO books (data_pubblicazione,id,pagine,prezzo,region_id,isbn,autore,immagine,sottotitolo,titolo,descrizione) VALUES ('2025-01-01',26,300,39.00,1,'1234567891234','Alberto Milani','/img/covers/ValtellinaBloc.jpg.1080x1440_q85.jpg','Valtellina Bloc Bouldering in Valchiavenna, Val Malenco, Bassa e Alta Valle','Valtellina Bloc','Questa guida nasce dall’idea di valorizzare le aree così dette “minori” presenti in Valtellina e Val Chiavenna, spesso oscurate dall’immensa fama della Val Masino, al fine di offrire una valida alternativa agli scalatori interessati a nuove scoperte. Le zone elencate si trovano sparse dall’alta Val Chiavenna fino a Bormio e Val di Dentro, compresa la florida Val Malenco ed escludendo la Val Masino e la Val di Mello, con, tuttavia, l’aggiunta di un esaustivo compendio di tutte le piccole aree con un limitato numero di passaggi, spesso conosciute esclusivamente dagli scalatori locali. Una delle principali fortune del territorio valtellinese è sicuramente la grande varietà delle sue rocce, granito, serpentino e calcare, oltre che alla bellezza dei luoghi nei quali giacciono i massi, spesso immersi in boschi freschi e variopinti di latifoglie. I periodi migliori per la scalata coincidono spesso con le settimane autunnali e invernali, eccezion fatta per le zone dell’alta Valtellina, scalabili anche nel periodo estivo vista la quota elevata. Alberto Milani fin dall’adolescenza si è dedicato all’arrampicata sia come attività sportiva sia come continua ricerca dei propri limiti psicofisici in completa comunione con la natura, secondo un approccio molto vicino alla filosofia dello yoga. Accanto all’attività outdoor a partire dal 2003 si è dedicato anche all’attività agonistica partecipando alle maggiori competizioni di livello italiano e classificandosi nelle prime posizioni per diversi anni. A partire dal 2009, ha deciso di abbandonare le gare per tornare esclusivamente all’arrampicata outdoor come ricerca interiore, consapevole e libera da qualunque risultato materiale e vissuta come un’occasione di crescita del tutto personale e profonda. ')
INSERT INTO books (data_pubblicazione,id,pagine,prezzo,region_id,isbn,autore,immagine,sottotitolo,titolo,descrizione) VALUES ('2024-01-01',27,300,39.00,3,'1234567891234','Stefano Montanari','/img/covers/Cop_DaoneBoulder2021.jpg.1080x1440_q85.jpg','Oltre 1800 passaggi + 1 boulderpark in Val Daone','Daone Boulder','La Valle di Daone da una decina d’anni ha scoperto la sua vera vocazione: il bouldering. Grazie a questa guida e all’opera incessante di alcuni scalatori che hanno esplorato e pulito migliaia di passaggi, la valle è ora una delle mete più ambite in Europa. Il già incredibile numero di blocchi descritto nelle precedenti edizioni, si è ulteriormente ampliato grazie all’esplorazione sistematica avvenuta negli ultimi anni. Più di 1800 passaggi, 10 settori di massi di granito ubicati dagli 800 ai 2000 metri di quota in una natura incontaminata. Una chicca donata dall’amministrazione comunale alle famiglie e a chi muove i primi passi su roccia naturale, è il boulderpark: un’area dove i massi, seppur immersi in uno splendido bosco, presentano standard di sicurezza più elevati rispetto alle altre aree. Come la precedente edizione la guida è arricchita da decine di QR code che permettono sia di raggiungere facilmente i parcheggi e i blocchi, sia di vedere i video di precedenti salite, e da una serie di schede culturali che presentano i principali climber artefici di questo paradiso. Infine, per sottolineare che il basso impatto ambientale del bouldering è relativo anche al comportamento di chi lo pratica, abbiamo inserito un decalogo di buoni comportamenti del sassista. Stefano Montanari, vive e lavora a Brescia dove, con la sua associazione Mad Climbers gestisce una splendida sala boulder. Tutto il tempo libero fuori dalla sua città, lo dedica alla val Daone, dove pulisce e apre nuove linee appena ne ha la possibilità. È stato uno dei primi scopritori delle potenzialità della valle, e a lui e ai suoi amici si deve buona parte del lavoro iniziale di pulitura che ha dato luogo alla prima edizione della guida. Dopo questa fatica non si è fermato e ha continuato a scoprire, pulire e condividere nuovi massi e nuovi progetti, coinvolgendo sempre più persone. Il frutto di questo lavoro lo potete leggere nelle pagine di questa guida.')
INSERT INTO books (data_pubblicazione,id,pagine,prezzo,region_id,isbn,autore,immagine,sottotitolo,titolo,descrizione) VALUES ('2025-01-01',28,300,39.00,6,'1234567891234','Giovanni Amerio','/img/covers/Cop_PennavalleyTrek_150rgb.jpg.1080x1440_q85.jpg','Un trekking in 4 tappe e 17 itinerari alla scoperta della Val Pennavaire','Pennavalley Trek','Negli anfratti delle rocce, tra le pietre di antiche costruzioni, lungo il corso superficiale e sotterraneo delle acque, negli sterminati boschi, la Val Pennavaire nasconde una storia millenaria, e la tiene orgogliosamente celata ai più. La racconta, disvelandola adagio, solo a chi decide di percorrerla con rispetto, a passo lento, captandone la sommessa voce con riguardoso silenzio.Una storia intessuta di colossali vicende geologiche, di primi abitanti preistorici che la scelsero come sicura dimora, di eserciti e signorie, di popolazioni che trovarono il modo di vivere in simbiosi con essa, di convivenza di estremi. Sì, perché non sarà facile trovare un territorio dove l’antitesi trova una sintesi: la marmotta scava le proprie tane a pochi chilometri di distanza da piantagioni d’ulivo, stelle alpine e lavanda condividono il medesimo prato, un torrente che nasce in Piemonte si getta nel Mar Ligure, il timo e la sassifraga a foglie opposite (specie che alberga in Groenlandia!) sono coinquilini della medesima fessura rocciosa.Questa guida ha l’ambizione di condurci alla scoperta di un luogo straordinario, dove la natura selvaggia e l’antica cultura si fondono per creare un’esperienza unica, da vivere percorrendo sentieri antichi, da riscoprire con un cammino attento e rispettoso. Grotte abitate dall’uomo preistorico, cascate, panoramiche cime montuose, antichi abitati, tradizioni ataviche, una flora e una fauna stupefacente, antiche fortificazioni, lunghe cavalcate su e giù per aperti crinali, boschi magici, antichi luoghi sacri ci attendono, per svelarci i loro misteri. Giovanni Amerio, medico oculista di professione, per passione ama percorrere a passo lento itinerari conosciuti, proporne meno frequentati o scoprirne nuovi. Partito anni fa per il Cammino di Santiago, al ritorno ne è nato il libro di esordio In cammino per Santiago  Storie, pensieri, incontri (L’Età dell’Acquario, 2015). Nel 2018 è stato pubblicato da Lindau Nell’occhio del fotone. Un luminoso viaggio dal Sole alla coscienza, racconto di un viaggio affascinante e misterioso: quello della luce. Come inventare un cammino (e rovinarsi la vita) (Edizioni dei Cammini, 2024), coautore Dario Corradino, è una dissertazione in chiave umoristica sul mondo dell’escursionismo. Ha pubblicato inoltre le guide escursionistiche: La Via del Sale. Su e giù per l’Appennino da Varzi a Recco (Morellini Editore, 2020) Altravia. La guida ufficiale all’AltraVia da Torino a Savona (Morellini Editore, 2022), coautore Dario Corradino Wicklow Way. Il Cammino d’Irlanda (Phasar Editore, 2023), coautore Dario Corradino Anfiteatro Morenico di Ivrea. L’Alta Via (Morellini Editore, 2023), coautore Dario Il Giro del Marguareis. La montagna nascosta (L’Escursionista Editore, 2024).')
INSERT INTO books (data_pubblicazione,id,pagine,prezzo,region_id,isbn,autore,immagine,sottotitolo,titolo,descrizione) VALUES ('2022-01-01',29,300,39.00,1,'1234567891234','Andrea Carì','/img/covers/Ferrate_in_Lombardia_-_ITA.jpg.1080x1440_q85.jpg','40 itinerari sulle Alpi e Prealpi di Varese, Lecco, Como, Sondrio, Bergamo e Brescia + Traversata alta delle Grigne e Sentiero Roma','Ferrate in Lombardia','C’è un pubblico di appassionati di montagna, che ama le vie ferrate: percorsi attrezzati con cavi metallici, ancoraggi fissi di vario genere, scalette e ponti sospesi che rendono più abbordabile agli alpinisti una parete rocciosa, consentendo di percorrerla con maggiore facilità e di raggiungere vette più o meno elevate. Le vie ferrate hanno un passato glorioso e sono state rivalutate notevolmente dal turismo legato all’arrampicata con il trascorrere del tempo.Oggi le vie ferrate rappresentano un’attività ricreativa accessibile a molti sportivi e, con questo libro, l’autore, esperta Guida Alpina, presenta e descrive in modo accurato tutti gli itinerari lombardi, andando a descriverne oltre alle necessarie informazioni logistiche anche lo stato di attrezzatura e manutenzione. Nella guida inoltre sono presenti preziosi consigli sulle corrette tecniche di sicurezza e di progressione, espresse in modo chiaro e semplice, per permettere anche all’utente meno esperto di eseguirle in modo corretto.L’obiettivo è quello di offrire al pubblico informazioni di qualità, liberandolo dalle incertezze di una ricerca sul web, fino a oggi principale fonte di informazioni. Non tutti infatti sono in grado di discernere la qualità delle informazioni su internet, in una attività il cui margine di rischio è reale come in tutte le attività alpinistiche, in particolare in questa che pare (e in parte lo è) abbordabile da un pubblico di alpinisti meno esperti. Andrea “Bedoii” Carì. Finiti gli studi in Psicologia e Psicoterapia, trasforma la passione per la montagna, avuta fin dalla nascita e trasmessa dal padre, in professione diventando Guida Alpina e fondando il gruppo Mountain Dream Guide in Valsassina. Il passaggio era obbligato perché come ama dire Andrea “alcune professioni” non le scegliamo ma le abbiamo scritte direttamente nel DNA. Ha arrampicato e scalato montagne in giro per il mondo, ma quelle di casa ovvero le Orobie e le Grigne sono il suo terreno di gioco preferito, aprendo molte nuove vie di arrampicata e falesie, negli angoli più selvaggi e nascosti.A 18 anni, seguendo sempre le impronte del padre e della sorella è entrato nel Soccorso Alpino e in 25 anni di interventi e soccorsi, ha messo a disposizione le competenze frutto sia degli studi universitari che della passione per la cinofilia, facendo il formatore psicologo e l’elisoccorritore cinofilo da valanga. Negli ultimi anni presso la sede del Gruppo Mountain Dream Guide insieme ad altri colleghi si è specializzato nella creazione e risistemazione di vie ferrate e in  orsi di formazione per nuovi appassionati di questa disciplina.')
INSERT INTO books (data_pubblicazione,id,pagine,prezzo,region_id,isbn,autore,immagine,sottotitolo,titolo,descrizione) VALUES ('2022-04-01',30,300,39.00,2,'1234567891234','Cesare Re','/img/covers/Cop-Sentieri_Ossola_Valsesia.jpg.1080x1440_q85.jpg','91 Itinerari di trekking','Sentieri in Ossola e Valsesia','La seconda edizione di questo libro è stata accuratamente rivista e aggiornata, con nuovi itinerari, nuove foto e cartine. Il libro propone sentieri e itinerari scelti nelle vallate del Sesia e del Toce, per ammirare panorami grandiosi, paesaggi dipinti nel cielo e riflessi nelle limpide acque cristalline di numerosi specchi d’acqua che impreziosiscono valli e altipiani.Una guida che vi accompagnerà dai boschi ai pascoli, dalle giogaie alle morene, dagli alpeggi ai rifugi e negli antichi insediamenti Walser, ove pietra e legno raccontano la viva storia di questo antico popolo. La Valsesia, con le sue numerose valli laterali e la “regione” alpina della Val d’Ossola danno origine a un territorio piuttosto vasto con vette alpine quali il Monte Rosa e il Monte Leone e paesaggi molto vari, in zone note, poco conosciute o selvagge e nelle splendide aree dei Parchi naturali Alta Valsesia, Valle Antrona, Devero  Veglia, Val Grande e Passo del Sempione.Un fitto dedalo di sentieri si interseca nelle Valsesiane Val Grande del Sesia, Val Vogna, Val Sermenza, Val d’Egua, Val Sorba, Val Mastallone e nelle Ossolane Valle Anzasca, Valle Antrona, Valle Bognanco, Val Divedro, Val Cairasca, Val Devero, Valle Antigorio  Formazza, Val Vigezzo e Val Grande e nelle loro numerosissime laterali, superando le barriere geografiche e rendendo questi luoghi un unico e straordinario ambiente naturale, ove oltre alle vette ci sono altre vette e altre ancora. Cesare Re è fotografo e autore, specializzato in fotografia di montagna, natura e macro, suo il sito ufficiale www.cesarere.com. Ha pubblicato fotografie su Meridiani, Bell’Italia, National Geographic, Meridiani Montagne, Viaggie Sapori, Parchi e Riserve, Case Country Class, Qui Touring, Natura testi e foto su Alp, Rivista della Montagna, Oasis, Piemonte Parchi, Fotografia Reflex, Fotocine, Orobie, I Quaderni del Ticino, Itinerari Travel, Ambiente Duemila, Marcopolo, Viaggia l’Italia, l’Orso, Backcountry, Oltre, Rivista del CAI, Montagne 360, Montebianco Outdoor, FotoCult, Montagnard, Vivere la Montagna, Fotografare e Qui Touring Speciale. Tramite agenzie fotografiche, ha pubblicato immagini anche in Germania, Russia, Australia, America e Sud America. Ha scritto e illustrato libri, guide turistiche e di trekking sulle Dolomiti, sulle Dolomiti di Brenta, sulla Val Gardena, sul Monte Rosa, sulla Val d’Aosta, sulle Valli Valdesi, sui gruppi di Bernina e Badile, sia estive, sia invernali per editori come Touring, Mondadori, Hoepli, Macchione, De Agostini, CAI, Regione Piemonte e Regione Lombardia. Sue ricerche sull’acqua e sul paesaggio sono state esposte in varie mostre personali. È docente di fotografia con FotoPerCorsi (www.fotopercorsi.com).')
INSERT INTO book_category VALUES (3,1),(4,2),(6,2),(7,1),(8,1),(11,1),(10,1),(10,2),(12,1),(13,1),(13,2),(14,1),(14,2),(15,2),(16,2),(17,2),(18,2),(19,1),(21,1),(22,2),(23,1),(23,2),(24,3),(26,3),(25,3),(27,3),(28,4),(29,4),(29,6),(30,4),(20,1),(9,1),(9,2),(9,6),(1,1),(5,1),(5,2),(2,1)
